{"name":"9d5982e8-ddb0-4dfa-b07b-23b156a30792","id":"/providers/Microsoft.Flow/flows/9d5982e8-ddb0-4dfa-b07b-23b156a30792","type":"Microsoft.Flow/flows","properties":{"apiId":"/providers/Microsoft.PowerApps/apis/shared_logicflows","displayName":"Power Gym Subscribe product","definition":{"metadata":{"workflowEntityId":null,"creator":{"id":"03656843-96a3-4b8b-901a-b7269645600b","type":"User","tenantId":"5e6011ba-a819-4e30-a1eb-0e9b76e3dfae"},"provisioningMethod":"FromDefinition","failureAlertSubscription":true,"clientLastModifiedTime":"2019-09-18T07:47:17.7254298Z"},"$schema":"https://schema.management.azure.com/providers/Microsoft.Logic/schemas/2016-06-01/workflowdefinition.json#","contentVersion":"1.0.0.0","parameters":{"$connections":{"defaultValue":{},"type":"Object"},"$authentication":{"defaultValue":{},"type":"SecureObject"}},"triggers":{"manual":{"type":"Request","kind":"PowerApp","inputs":{"schema":{"type":"object","properties":{"Sendanemail_To":{"type":"string","format":"email","description":"Specify email addresses separated by semicolons like someone@contoso.com. This parameter is used as part of \"F0235385-EA49-4075-8289-021EC2201F28\"","x-ms-powerflows-param-ispartial":true},"Sendanemail_Subject":{"type":"string","description":"Specify the subject of the mail","x-ms-powerflows-param-ispartial":false},"Sendanemail_Body":{"type":"string","description":"Specify the body of the mail","x-ms-powerflows-param-ispartial":false}},"required":["Sendanemail_To","Sendanemail_Subject","Sendanemail_Body"]}}}},"actions":{"Send_an_email":{"runAfter":{},"metadata":{"flowSystemMetadata":{"swaggerOperationId":"SendEmail"}},"type":"ApiConnection","inputs":{"host":{"connection":{"name":"@json(decodeBase64(triggerOutputs().headers['X-MS-APIM-Tokens']))['$connections']['shared_office365']['connectionId']"},"api":{"runtimeUrl":"https://flow-apim-europe-001-northeurope-01.azure-apim.net/apim/office365"}},"method":"post","body":{"To":"@{triggerBody()['Sendanemail_To']};","Subject":"@triggerBody()['Sendanemail_Subject']","Body":"@triggerBody()['Sendanemail_Body']"},"path":"/Mail","authentication":{"type":"Raw","value":"@json(decodeBase64(triggerOutputs().headers['X-MS-APIM-Tokens']))['$ConnectionKey']"}}}}},"connectionReferences":{"shared_office365":{"connectionName":"shared-office365-4d05e26a-aeac-4281-9515-cc24e4661dfd","source":"Invoker","id":"/providers/Microsoft.PowerApps/apis/shared_office365","tier":"NotSpecified"}},"flowFailureAlertSubscribed":false}}