{"schemaVersion":"1.0","appDefinitionTemplate":{"id":"/providers/Microsoft.PowerApps/apps/","type":"Microsoft.PowerApps/apps","tags":{"minimumRequiredApiVersion":"2.2.0"},"properties":{"appVersion":"2019-11-17T22:16:05Z","lifeCycleId":"Published","createdByClientVersion":{"major":3,"minor":19111,"build":33,"revision":0,"majorRevision":0,"minorRevision":0},"minClientVersion":{"major":3,"minor":19111,"build":33,"revision":0,"majorRevision":0,"minorRevision":0},"backgroundColor":"rgba(175, 229, 178, 1)","backgroundImageUri":"/12219788349272496202/N5f2c834b-5553-4507-93bc-3877e28ce83a-logoSmallFile","displayName":"PowerGym","description":"","commitMessage":"","appUris":{"documentUri":{"value":"/12219788349272496202/N93305b06-dba3-42ff-a102-4aa21b98ce5d-document.msapp","readonlyValue":"/12219788349272496202/N93305b06-dba3-42ff-a102-4aa21b98ce5d-document.msapp"},"imageUris":[]},"createdTime":"0001-01-01T00:00:00Z","lastModifiedTime":"0001-01-01T00:00:00Z","sharedGroupsCount":0,"sharedUsersCount":0,"icons":{"smallIconUri":"/12219788349272496202/N4d67de42-82d5-4a93-b949-e0fcea9b907d-small.png","mediumIconUri":"/12219788349272496202/N7871deae-5dc2-444d-8993-ffd5733aebb5-medium.png","largeIconUri":"/12219788349272496202/N252cb6eb-f7d1-4784-8a1b-3602c22e8985-large.png","wideIconUri":"/12219788349272496202/N14973127-f3dd-4399-8ad9-456612c7f148-wide.png"},"connectionReferences":{"b6a3193d-1e3b-4cfc-927e-6fb838f89228":{"id":"c0802a54-4a38-4f32-b035-c14a545199ed","displayName":"Office 365 Users","iconUri":"https://connectoricons-prod.azureedge.net/office365users/icon_1.0.1258.1715.png","dataSources":["Office365Users"],"dependencies":[],"dependents":[],"parameterHints":{},"isOnPremiseConnection":false,"bypassConsent":false,"dataSets":{},"apiTier":"Standard","isCustomApiConnection":false},"e0169101-57da-4de0-87f0-8bfc6e3fd34f":{"id":"40ffbe3c-044f-4575-9766-244e1d0e5852","displayName":"Logic flows","iconUri":"https://resourcestackdeploy.blob.core.windows.net/scripts/13276078.png","dataSources":["Sendemailforsubscribeproduct"],"dependencies":["be4dc5ec-ff52-4d0d-b7c2-c31f9b58c389"],"dependents":[],"parameterHints":{"workflowName":{"value":"042ee2ee-6140-4c27-a59a-7f2505ba8c6e"},"be4dc5ec-ff52-4d0d-b7c2-c31f9b58c389":{"value":"shared_office365"}},"isOnPremiseConnection":false,"bypassConsent":false,"dataSets":{},"apiTier":"Standard","isCustomApiConnection":false},"be4dc5ec-ff52-4d0d-b7c2-c31f9b58c389":{"id":"8828c176-cad2-4f0e-8a16-bbbff405da28","displayName":"Office 365 Outlook","iconUri":"https://connectoricons-prod.azureedge.net/office365/icon_1.0.1280.1753.png","dataSources":[],"dependencies":[],"dependents":["e0169101-57da-4de0-87f0-8bfc6e3fd34f","22ab7eb1-ec6b-41e9-b933-a3984623bde7"],"parameterHints":{},"isOnPremiseConnection":false,"bypassConsent":false,"dataSets":{},"apiTier":"Standard","isCustomApiConnection":false},"22ab7eb1-ec6b-41e9-b933-a3984623bde7":{"id":"40ffbe3c-044f-4575-9766-244e1d0e5852","displayName":"Logic flows","iconUri":"https://resourcestackdeploy.blob.core.windows.net/scripts/13276078.png","dataSources":["PowerGymSubscribeproduct"],"dependencies":["be4dc5ec-ff52-4d0d-b7c2-c31f9b58c389"],"dependents":[],"parameterHints":{"workflowName":{"value":"3e69d068-5f9e-4d3a-bed8-09b9022a4291"},"be4dc5ec-ff52-4d0d-b7c2-c31f9b58c389":{"value":"shared_office365"}},"isOnPremiseConnection":false,"bypassConsent":false,"dataSets":{},"apiTier":"Standard","isCustomApiConnection":false}},"databaseReferences":{},"almMode":"Environment","performanceOptimizationEnabled":false},"isAppComponentLibrary":false,"appComponents":[]}}