{"schemaVersion":"1.0","appDefinitionTemplate":{"id":"/providers/Microsoft.PowerApps/apps/","type":"Microsoft.PowerApps/apps","tags":{"minimumRequiredApiVersion":"2.2.0"},"properties":{"appVersion":"2019-09-26T22:32:35Z","lifeCycleId":"Published","createdByClientVersion":{"major":3,"minor":19093,"build":16,"revision":0,"majorRevision":0,"minorRevision":0},"minClientVersion":{"major":3,"minor":19093,"build":16,"revision":0,"majorRevision":0,"minorRevision":0},"backgroundColor":"rgba(175, 229, 178, 1)","backgroundImageUri":"/7998646009669628288/Nb1c2bad5-f57a-48b1-bdfc-71da93d7fdcd-logoSmallFile","displayName":"PowerGym","description":"","commitMessage":"","appUris":{"documentUri":{"value":"/7998646009669628288/N4054a4e3-1df2-4741-a912-7ceb01766353-document.msapp","readonlyValue":"/7998646009669628288/N4054a4e3-1df2-4741-a912-7ceb01766353-document.msapp"},"imageUris":[]},"createdTime":"0001-01-01T00:00:00Z","lastModifiedTime":"0001-01-01T00:00:00Z","sharedGroupsCount":0,"sharedUsersCount":0,"icons":{"smallIconUri":"/7998646009669628288/N7c7f3734-fd89-4037-8a7d-904bc287590c-small.png","mediumIconUri":"/7998646009669628288/Nec049476-c755-4819-94b0-ea10466f6bf4-medium.png","largeIconUri":"/7998646009669628288/N9c3e5641-3c0e-4650-8708-a32888741d22-large.png","wideIconUri":"/7998646009669628288/N1938c779-0d62-4353-a72e-33dc329649f7-wide.png"},"connectionReferences":{"b6a3193d-1e3b-4cfc-927e-6fb838f89228":{"id":"737c6008-a04e-4fcb-a3d8-a847522cdc68","displayName":"Office 365 Users","iconUri":"https://connectoricons-prod.azureedge.net/office365users/icon_1.0.1258.1715.png","dataSources":["Office365Users"],"dependencies":[],"dependents":[],"parameterHints":{},"isOnPremiseConnection":false,"bypassConsent":false,"dataSets":{},"apiTier":"Standard","isCustomApiConnection":false},"e0169101-57da-4de0-87f0-8bfc6e3fd34f":{"id":"add626b7-f15b-49d9-9a13-ee5da845cacd","displayName":"Logic flows","iconUri":"https://resourcestackdeploy.blob.core.windows.net/scripts/13276078.png","dataSources":["Sendemailforsubscribeproduct"],"dependencies":["be4dc5ec-ff52-4d0d-b7c2-c31f9b58c389"],"dependents":[],"parameterHints":{"workflowName":{"value":"e8baebf4-2b52-4a21-8a6e-fbd35f5e5b91"},"be4dc5ec-ff52-4d0d-b7c2-c31f9b58c389":{"value":"shared_office365"}},"isOnPremiseConnection":false,"bypassConsent":false,"dataSets":{},"apiTier":"Standard","isCustomApiConnection":false},"be4dc5ec-ff52-4d0d-b7c2-c31f9b58c389":{"id":"1c7715c0-4d53-4821-92aa-adaaa61f32f9","displayName":"Office 365 Outlook","iconUri":"https://connectoricons-prod.azureedge.net/office365/icon_1.0.1254.1705.png","dataSources":[],"dependencies":[],"dependents":["e0169101-57da-4de0-87f0-8bfc6e3fd34f"],"parameterHints":{},"isOnPremiseConnection":false,"bypassConsent":false,"dataSets":{},"apiTier":"Standard","isCustomApiConnection":false},"cc7708b9-2457-4741-9732-3e9b5fd6594c":{"id":"ef498ce2-56d2-4fbf-aab6-bd05511e5abd","displayName":"Excel","iconUri":"https://connectoricons-prod.azureedge.net/excel/icon_1.0.1261.1716.png","dataSources":["Products_1","Subscription"],"dependencies":["ad2955bb-1157-49be-a89a-0a9635ceafcc"],"dependents":[],"parameterHints":{"ad2955bb-1157-49be-a89a-0a9635ceafcc":{"value":"fileSource"}},"isOnPremiseConnection":false,"bypassConsent":false,"dataSets":{"b!ldfDsuF_IEmnqOjGAYQMX7EHaIZs_qBMmo3klbNsDVysCytPQIX4T6WmZunMmJ4Y.016T43MLU674M2PYTJXJA3VKD5IIUFKUP7":{"dataSources":{"Products_1":{"tableName":"Products"},"Subscription":{"tableName":"Subscription"}}}},"apiTier":"Standard","isCustomApiConnection":false},"ad2955bb-1157-49be-a89a-0a9635ceafcc":{"id":"16f6293e-9a58-4860-b47a-38677c161cf0","displayName":"OneDrive for Business","iconUri":"https://connectoricons-prod.azureedge.net/onedriveforbusiness/icon_1.0.1261.1716.png","dataSources":[],"dependencies":[],"dependents":["cc7708b9-2457-4741-9732-3e9b5fd6594c"],"parameterHints":{},"isOnPremiseConnection":false,"bypassConsent":false,"dataSets":{},"apiTier":"Standard","isCustomApiConnection":false}},"databaseReferences":{},"almMode":"Environment"},"appComponents":[]}}